{
"Hi":"*💖HI*... *How are You..!*",
"Good Morning":"*Good Morning 🌅*",
"Good Night":"*Good Night..🌉*",
"Bye":"*Bye bye....*",
"Aslam o Alykum":"> *walykum salam ❤‍🔥🤌🏻*",
"owner":"*Jawad Tech 🫀",
"Jawad":"Kis Na Yad Kia Mujha?..🐵",
"link":"*Raha Nhai Jata 🌚🙌😂*",
"Haram":"*Haram Haram Haram🙈🤣*",
"dafa":"*dfm.😣*",
"dhur":"*dhur bagrt.🔪*",
"hmm":"> *Hamm.🌚*", 
"lanat":"*Lakhhhhhhhhhh Di Lanat 🙌😂*",
"uff":"*💋 Hyee*",
"love":"*Lub you two 💗😁*"
}
